huc12_code,huc12_name,huc10_name,n_observations,n_no3_readings,avg_no3_ppm,pct_no3_impaired,n_phos_readings,avg_orthophosphate_ppb,pct_phos_impaired,bank_erosion_flags,algal_bloom_flags,livestock_in_water_flags,pipe_drain_outflow_flags,trash_flags,fish_kill_flags,fish_barrier_flags,cdl_year,row_crop,pasture,forest,urban,other
070600040503,Little Volga River,706000405,14,14,12.5,64.0,14,107.0,86.0,11,0,0,0,4,0,0,2023,81.5,11.6,0.9,5.4,0.5
070600040504,Coulee Creek-Volga River,706000405,10,10,12.0,80.0,8,88.0,60.0,6,0,0,0,3,0,1,2023,73.5,14.9,5.5,4.6,1.5
070600040502,Headwaters Volga River,706000405,14,14,11.6,64.0,11,18.0,14.0,9,0,1,0,3,0,1,2023,82.4,11.8,0.7,4.4,0.6
070400020902,Trout Brook,704000209,43,38,8.7,60.0,37,65.0,42.0,0,0,0,0,0,0,0,2023,75.0,12.6,7.7,4.5,0.3
070400080404,Forestville Creek,704000804,8,6,8.3,50.0,3,33.0,12.0,1,0,0,0,0,0,0,2023,60.9,21.5,13.3,4.1,0.2
070600040601,Brush Creek,706000406,24,24,8.1,46.0,22,36.0,29.0,15,0,4,1,0,0,5,2023,58.2,19.9,16.8,4.7,0.4
070400040205,South Branch Middle Fork Zumbro River,704000402,20,20,7.8,50.0,4,25.0,5.0,5,0,0,0,0,0,0,2023,42.8,22.2,24.3,8.3,2.4
070400030305,Middle Fork Whitewater River,704000303,22,21,7.6,41.0,22,23.0,14.0,3,0,2,2,0,0,1,2023,57.6,23.8,13.8,4.5,0.3
070600040501,North Branch Volga River,706000405,6,6,7.5,17.0,6,67.0,50.0,4,0,2,0,0,0,0,2023,82.0,10.8,1.8,5.0,0.5
070400080405,Town of Forestville-South Branch Root River,704000804,18,18,7.3,39.0,18,0.0,0.0,0,0,0,0,0,0,0,2023,41.3,25.1,29.4,3.7,0.4
070400080402,Etna Creek-South Branch Root River,704000804,21,21,6.6,33.0,20,25.0,24.0,1,0,0,0,0,0,0,2023,52.3,23.2,19.3,4.6,0.7
070600040602,Mink Creek,706000406,13,12,6.4,31.0,11,91.0,62.0,11,0,0,0,1,0,2,2023,43.9,30.8,20.7,4.2,0.5
070400080203,Kedron Creek,704000802,13,13,6.3,15.0,12,8.0,8.0,0,2,1,0,0,0,0,2023,71.2,17.8,6.9,3.9,0.2
070400080403,Canfield Creek,704000804,9,9,5.8,33.0,7,14.0,11.0,0,0,0,0,0,0,0,2023,72.4,13.5,9.1,4.1,0.8
070400040503,Cold Creek,704000405,15,13,5.5,20.0,11,73.0,47.0,0,0,0,0,0,0,0,2023,68.7,21.7,4.8,4.3,0.4
070600040506,Grannis Creek-Volga River,706000405,39,38,5.4,31.0,32,38.0,23.0,5,0,0,1,3,0,2,2023,41.4,26.5,24.6,6.4,1.0
070300051201,City of Stillwater-Lake Saint Croix,703000512,9,2,5.0,11.0,4,75.0,33.0,0,0,0,0,0,0,0,2023,7.2,20.7,20.9,32.9,18.3
070400080207,Bear Creek,704000802,7,7,5.0,0.0,7,0.0,0.0,0,0,0,0,0,0,0,2023,56.1,22.3,17.1,4.1,0.4
070600040607,Bear Creek,706000406,8,8,4.8,25.0,6,33.0,25.0,4,0,2,0,0,0,2,2023,25.6,35.4,33.5,5.2,0.4
070400080802,Wisel Creek,704000808,15,15,4.7,0.0,15,27.0,20.0,0,0,0,0,0,0,0,2023,51.2,27.9,15.8,4.9,0.2
070600010401,Upper Winnebago Creek,706000104,13,13,4.6,0.0,13,8.0,8.0,0,0,1,0,0,0,0,2023,34.7,35.5,24.8,4.8,0.2
070900030101,East Pecatonica River,709000301,9,9,4.6,11.0,3,33.0,11.0,5,0,1,0,2,0,0,2023,42.6,43.4,8.9,4.9,0.2
070400010205,South Branch Vermillion River,704000102,77,58,4.5,9.0,63,151.0,47.0,1,0,0,0,2,0,1,2023,59.9,23.8,8.0,6.0,2.4
070400030502,Garvin Brook,704000305,11,6,4.5,9.0,8,325.0,73.0,3,0,0,0,1,0,0,2023,29.3,24.7,39.2,5.8,1.1
070300051104,Parker Creek-Kinnickinnic River,703000511,71,61,4.5,7.0,62,44.0,34.0,10,3,0,10,25,0,0,2023,39.6,29.8,19.8,10.1,0.7
070300051105,Lower Kinnickinnic Pond-Kinnickinnic River,703000511,224,191,4.4,4.0,202,28.0,23.0,96,0,0,15,49,1,0,2023,34.8,28.7,25.1,10.3,1.2
070400080302,Trout Run,704000803,6,5,4.4,0.0,5,100.0,67.0,1,0,0,0,1,0,0,2023,49.0,28.2,17.8,4.6,0.3
070400080503,Pine Creek,704000805,9,9,4.3,0.0,9,33.0,33.0,2,0,0,0,0,0,0,2023,53.1,23.7,19.1,4.0,0.2
070600040605,Cox Creek,706000406,10,8,4.2,10.0,9,111.0,80.0,8,0,1,0,2,0,2,2023,25.4,36.8,33.4,3.9,0.5
070400030307,Lower South Fork Whitewater River,704000303,19,12,4.2,5.0,17,88.0,53.0,3,0,0,0,0,0,0,2023,46.2,24.5,23.8,5.0,0.4
070400030308,Beaver Creek,704000303,5,4,4.2,0.0,4,125.0,80.0,4,0,0,1,1,0,0,2023,35.0,21.4,38.4,4.1,1.1
070400080805,Beaver Creek,704000808,24,23,4.2,8.0,24,25.0,17.0,0,0,0,0,0,0,0,2023,32.6,30.6,32.0,4.6,0.2
070400080205,Spring Valley Creek,704000802,16,15,4.2,0.0,14,36.0,25.0,1,0,0,1,0,0,1,2023,64.9,15.3,11.5,8.0,0.3
070400010701,Isabelle Creek,704000107,36,30,4.1,0.0,32,122.0,33.0,2,0,0,0,0,0,0,2023,45.4,17.6,28.5,7.6,1.0
070500051102,Porcupine Creek-Plum Creek,705000511,5,3,4.0,0.0,3,0.0,0.0,0,0,0,0,0,0,1,2023,41.2,11.7,40.0,5.0,2.0
070400080208,Middle Branch Root River,704000802,24,24,3.9,0.0,22,136.0,8.0,2,1,1,0,0,0,0,2023,40.9,27.5,26.6,4.3,0.7
070600040505,Frog Hollow,706000405,8,8,3.9,12.0,4,50.0,12.0,0,0,0,0,0,0,0,2023,44.9,21.6,27.9,3.7,1.9
070600020502,Waterloo Creek,706000205,17,17,3.8,0.0,17,6.0,6.0,2,0,0,0,0,0,0,2023,28.8,40.0,25.7,5.2,0.3
070400080803,Middle South Fork Root River,704000808,32,25,3.8,0.0,26,73.0,41.0,0,0,0,0,0,0,0,2023,34.4,27.1,34.2,4.1,0.2
070600010901,Headwaters Yellow River,706000109,5,4,3.8,20.0,1,100.0,20.0,1,0,0,1,0,0,0,2023,66.1,21.4,7.3,4.9,0.3
070400040510,West Indian Creek,704000405,30,30,3.8,0.0,29,76.0,67.0,2,0,0,0,0,0,0,2023,51.8,23.9,18.7,5.3,0.4
070600040604,Nagle Creek-Volga River,706000406,21,17,3.8,5.0,21,43.0,29.0,17,0,5,1,2,0,8,2023,26.9,36.5,30.9,4.6,1.1
070400010303,Spring Creek-Trimbelle River,704000103,7,5,3.8,0.0,3,0.0,0.0,0,0,0,0,0,0,1,2023,32.4,24.8,33.6,6.8,2.3
070400080502,Middle Rush Creek,704000805,14,9,3.6,0.0,7,43.0,14.0,5,1,1,0,0,0,0,2023,48.1,21.9,25.0,4.9,0.2
070400080407,Camp Creek,704000804,5,4,3.5,0.0,4,25.0,20.0,3,0,1,0,0,0,0,2023,52.0,24.0,19.0,4.7,0.4
070400030603,East Indian Creek,704000306,8,8,3.5,0.0,7,43.0,25.0,3,0,0,0,0,0,0,2023,28.3,22.9,43.9,3.6,1.1
070400040505,Long Creek,704000405,12,12,3.5,0.0,12,100.0,83.0,0,0,0,0,0,0,0,2023,60.5,19.1,15.9,4.0,0.3
070400010702,Pine Creek,704000107,57,47,3.4,0.0,54,0.0,0.0,2,0,0,0,0,1,1,2023,49.1,12.7,31.5,5.4,1.4
070400010401,Hay Creek,704000104,74,65,3.3,3.0,68,84.0,61.0,2,0,1,1,2,0,0,2023,39.7,20.5,29.0,9.6,1.2
070400080107,Mill Creek,704000801,18,16,3.3,0.0,18,33.0,28.0,1,0,1,0,0,0,0,2023,44.9,33.7,14.2,6.9,0.3
070400030309,Trout Creek,704000303,6,5,3.2,0.0,6,67.0,67.0,3,0,1,0,0,0,0,2023,20.6,23.6,52.2,2.7,0.9
070400060502,City of La Crosse-Mississippi River,704000605,21,5,3.2,0.0,3,100.0,14.0,0,0,0,3,1,0,1,2023,0.5,2.6,15.4,36.2,45.2
070400071203,Douglas Creek,704000712,8,7,3.0,12.0,8,238.0,88.0,1,0,0,0,0,0,1,2023,34.9,15.4,43.9,5.0,0.8
070400030102,South Fork of the Buffalo River,704000301,5,5,3.0,0.0,4,50.0,40.0,0,0,0,0,0,0,1,2023,23.0,11.6,52.1,6.3,7.0
070600020403,Trout Creek,706000204,10,4,2.8,0.0,7,114.0,60.0,2,0,0,0,0,0,0,2023,49.7,31.9,12.5,5.5,0.3
070400030404,Eagle Creek,704000304,5,4,2.8,0.0,2,0.0,0.0,0,0,0,0,0,0,1,2023,23.8,15.2,55.6,3.9,1.6
070400010505,Brush Creek-Rush River,704000105,42,23,2.8,0.0,25,40.0,19.0,2,0,0,0,0,0,0,2023,34.7,27.0,32.5,5.0,0.8
070600010203,Clear Creek-Crooked Creek,706000102,12,12,2.8,0.0,12,0.0,0.0,0,0,0,0,0,0,0,2023,6.7,32.6,53.8,3.8,3.0
070600040606,Honey Creek-Volga River,706000406,14,14,2.8,0.0,12,42.0,36.0,8,0,0,1,1,0,1,2023,21.3,37.6,36.1,3.8,1.3
070600040608,Doe Creek-Volga River,706000406,12,12,2.8,0.0,10,40.0,25.0,8,0,1,0,0,0,3,2023,21.7,34.8,38.4,3.6,1.4
070400020803,Lower Belle Creek,704000208,11,8,2.6,9.0,11,82.0,73.0,1,0,0,0,0,0,0,2023,52.1,17.5,24.0,5.3,1.0
070400010301,Goose Creek-Trimbelle River,704000103,42,25,2.5,0.0,35,9.0,5.0,1,0,0,0,0,0,1,2023,26.9,33.7,32.8,5.9,0.8
070300051008,Bass Lake-Willow River,703000510,5,2,2.5,0.0,4,100.0,40.0,1,0,0,0,0,0,0,2023,16.1,31.6,28.9,18.1,5.3
070500051101,Nugget Lake-Plum Creek,705000511,24,17,2.5,0.0,22,18.0,12.0,0,0,0,0,0,0,2,2023,43.5,17.2,32.6,5.4,1.3
070400020702,Middle Little Cannon River,704000207,7,5,2.4,14.0,6,100.0,57.0,3,0,0,0,2,0,0,2023,50.7,17.0,26.4,4.9,1.0
070400030602,Snake Creek,704000306,6,6,2.3,0.0,6,33.0,17.0,2,0,0,0,0,0,0,2023,23.2,22.2,35.4,4.7,14.4
070102060703,Saint Anthony Falls-Mississippi River,701020607,7,6,2.3,14.0,4,25.0,14.0,0,0,0,0,0,0,0,2023,0.1,1.0,0.9,93.9,4.0
070300051103,South Fork Kinnickinnic River,703000511,51,43,2.2,0.0,47,66.0,14.0,14,2,0,2,6,0,2,2023,20.5,35.0,30.1,13.5,0.9
070500051003,Cady Creek,705000510,28,24,2.2,0.0,27,85.0,50.0,0,0,1,1,0,0,0,2023,36.1,28.0,29.7,5.2,0.9
070400010704,Miller Creek,704000107,29,7,2.1,0.0,21,210.0,34.0,0,0,0,0,0,0,0,2023,41.5,23.2,23.5,10.4,1.3
070700060205,West Fork Kickapoo River,707000602,7,6,2.0,0.0,1,0.0,0.0,1,0,0,0,0,0,0,2023,11.2,25.9,56.9,4.8,1.1
070500050703,Pine Creek-Lowes Creek,705000507,9,2,2.0,0.0,2,100.0,22.0,2,0,0,0,4,0,0,2023,19.4,21.9,31.0,21.6,6.2
070400071003,Squaw Creek,704000710,6,6,2.0,0.0,6,267.0,100.0,0,0,0,0,0,0,3,2023,20.8,17.5,52.6,6.0,3.1
070500051005,Knights Creek,705000510,8,4,2.0,0.0,4,125.0,38.0,0,0,1,0,0,0,1,2023,40.4,15.6,38.3,4.4,1.3
070500050602,Elk Creek Lake-Elk Creek,705000506,15,8,2.0,0.0,3,500.0,20.0,1,0,0,0,0,0,0,2023,42.8,21.7,21.2,8.9,5.5
070400071104,Little Tamarack Creek-Beaver Creek,704000711,5,1,2.0,0.0,2,150.0,40.0,0,0,1,0,0,0,1,2023,33.8,17.5,37.9,6.6,4.3
070400050204,French Creek,704000502,11,11,2.0,0.0,11,64.0,55.0,0,0,0,0,0,0,1,2023,26.4,18.0,48.3,4.3,3.0
070400071102,North Fork of Beaver Creek,704000711,18,18,1.9,0.0,17,241.0,89.0,1,0,1,0,0,0,3,2023,19.0,17.1,57.8,4.8,1.3
070400060102,Halfway Creek,704000601,20,19,1.8,0.0,16,62.0,45.0,2,0,0,0,0,0,2,2023,12.9,20.5,56.8,8.8,1.1
070600010501,Mormon Creek,706000105,11,10,1.8,0.0,5,20.0,9.0,3,0,0,1,1,0,0,2023,20.2,20.9,50.2,7.5,1.1
070700050401,Upper Honey Creek,707000504,15,14,1.8,0.0,14,157.0,73.0,0,0,1,0,0,0,0,2023,26.5,22.2,44.6,4.9,1.8
070600010703,Sugar Creek,706000107,6,6,1.7,0.0,4,0.0,0.0,0,0,0,0,0,0,0,2023,18.5,16.6,58.1,5.3,1.4
070700051301,West Branch Mill Creek-Mill Creek,707000513,8,6,1.7,0.0,6,17.0,12.0,1,0,0,0,0,0,1,2023,13.1,26.7,55.1,4.7,0.4
070700051104,Faney Creek,707000511,10,10,1.7,0.0,10,40.0,30.0,1,0,0,0,0,0,0,2023,14.8,28.2,51.1,5.0,0.8
070700050403,Middle Honey Creek,707000504,7,6,1.7,0.0,6,317.0,86.0,0,0,0,0,0,0,0,2023,26.8,27.5,36.6,5.7,3.3
070700051803,Gran Grae Creek,707000518,5,5,1.6,0.0,5,0.0,0.0,0,0,0,0,0,0,0,2023,13.5,19.5,59.3,4.2,3.5
070700051002,Middle Willow Creek,707000510,5,5,1.6,0.0,5,60.0,60.0,1,0,1,0,0,0,0,2023,13.1,27.3,53.7,4.7,1.2
070600010101,Timber Coulee Creek,706000101,5,5,1.6,0.0,4,25.0,20.0,2,0,0,0,1,0,0,2023,16.7,36.4,40.3,6.2,0.4
070400030101,North Fork of the Buffalo River,704000301,7,6,1.5,0.0,6,67.0,57.0,0,0,0,0,0,0,1,2023,25.9,19.8,42.7,6.2,5.4
070400071103,French Creek,704000711,8,8,1.5,0.0,8,88.0,75.0,0,0,1,0,0,0,0,2023,17.2,18.5,58.4,5.0,0.9
070700060403,Tainter Creek,707000604,9,9,1.4,0.0,6,0.0,0.0,0,0,2,0,0,0,0,2023,27.3,26.5,40.7,5.1,0.3
070400010204,City of Farmington-Vermillion River,704000102,17,14,1.4,0.0,7,0.0,0.0,6,0,1,3,6,0,0,2023,43.3,30.7,5.9,15.7,4.4
070700051502,West Fork Knapp Creek,707000515,8,7,1.4,0.0,6,0.0,0.0,0,0,0,0,0,0,1,2023,8.6,17.9,68.5,4.6,0.4
070700051503,Middle Knapp Creek,707000515,5,5,1.4,0.0,5,0.0,0.0,0,0,1,0,0,0,0,2023,13.6,20.2,61.1,4.6,0.6
070700051703,Richland Creek,707000517,8,8,1.2,0.0,6,17.0,12.0,0,0,0,0,0,0,1,2023,10.8,26.1,57.1,5.4,0.5
070600010103,Middle Coon Creek,706000101,5,4,1.0,0.0,3,0.0,0.0,1,0,0,0,0,0,0,2023,15.3,27.1,50.9,6.3,0.4
070400050501,Trout Run Creek-Trempealeau River,704000505,5,5,1.0,0.0,4,75.0,40.0,1,0,2,0,0,0,0,2023,29.6,22.8,38.2,5.5,3.9
070400071101,South Fork of Beaver Creek,704000711,12,12,1.0,0.0,12,100.0,58.0,2,0,0,1,0,0,3,2023,16.8,13.3,63.5,4.8,1.6
070400060403,Smith Valley Creek-La Crosse River,704000604,6,2,1.0,0.0,5,100.0,50.0,0,0,0,1,0,0,0,2023,2.7,12.7,39.9,31.5,13.1
070500060402,Otter Creek,705000604,11,2,1.0,0.0,2,200.0,18.0,8,0,1,0,2,0,0,2023,34.8,22.3,23.6,16.1,3.1
070400030402,Little Waumaundee Creek,704000304,5,5,0.8,0.0,5,20.0,20.0,0,0,0,0,0,0,0,2023,21.8,16.5,57.5,3.3,0.8
070700051103,Hawkins Creek-Pine River,707000511,10,8,0.8,0.0,8,12.0,10.0,0,0,0,0,0,0,0,2023,10.3,26.6,56.7,4.7,1.6
070500051004,Burkhart Creek-Eau Galle Creek,705000510,20,13,0.8,0.0,14,36.0,25.0,1,0,1,0,0,0,1,2023,30.5,23.8,37.1,7.5,1.1
070300050907,Browns Creek,703000509,22,19,0.6,0.0,6,50.0,14.0,3,0,0,0,2,0,1,2023,6.8,37.0,22.2,22.4,11.6
070700051501,Upper Knapp Creek,707000515,7,7,0.6,0.0,6,0.0,0.0,0,0,0,0,0,0,0,2023,11.5,26.8,56.1,5.4,0.2
070200121110,Minnesota River,702001211,26,24,0.4,0.0,24,8.0,8.0,1,1,0,0,1,0,0,2023,0.2,3.9,9.5,71.0,15.3
070400010202,South Creek,704000102,5,3,0.0,0.0,4,100.0,80.0,0,0,0,0,0,0,0,2023,18.6,17.7,11.3,45.3,7.0
070200121106,Eagle Creek-Minnesota River,702001211,11,4,0.0,0.0,4,0.0,0.0,0,0,0,0,0,0,0,2023,0.6,4.6,9.1,52.4,33.3
070600040801,Headwaters Elk Creek,706000408,6,0,,0.0,5,200.0,83.0,0,0,0,0,0,0,2,2023,42.1,30.1,22.6,4.9,0.3
